Titel,Slug,Collection ID,Item ID,Archived,Draft,Created On,Updated On,Published On,Kurzbeschreibung,Beschreibung,Untertitel,Bild,Link zur Anmeldung oder zum Veranstalter,Datum & Uhrzeit,Ort,Kostenlos,Beitrag,Paypal & √úberweisung anzeigen?
Klangentspannung mit Harfenmusik,klangentspannung-mit-harfenmusik,64c69117dac3830605582fd8,64c691948516d8d5e1702f80,false,false,Sun Jul 30 2023 16:36:36 GMT+0000 (Coordinated Universal Time),Mon Aug 25 2025 14:25:41 GMT+0000 (Coordinated Universal Time),Mon Aug 25 2025 14:25:41 GMT+0000 (Coordinated Universal Time),Die heilsame Wirkung der Heilfrequenz erleben,"Eine meiner Harfen klingt in Heilfrequenz 432 Hz. In meditativer Atmosph√§re singen und t√∂nen wir gemeinsam und werden dabei von sanftem Harfenklang begleitet. Die Lieder sind eing√§ngig und leicht zu erlernen. Sie stammen aus vielen Regionen und Kulturkreisen und k√∂nnen herz√∂ffnend wirken und unsere Seele zum Klingen bringen. Bitte mitbringen: Matte oder Decke, bequeme Kleidung.",Harfenklang und meditative Stille,https://cdn.prod.website-files.com/64c691158034e6797171baf4/64d917362cae6b17ed5e900b_von%20Anja%20Frauenzimmer%202.jpg,,Thu Oct 16 2025 17:30:00 GMT+0000 (Coordinated Universal Time),"Gassenhagen 14, 51674 Wiehl",false,50 EUR pro Person,true
"Herzenslieder & Seelengesang, begleitet mit Harfenmusik",herzenslieder-seelengesang-begleitet-mit-harfenmusik,64c69117dac3830605582fd8,64c692d9c2e5f4cd8fc969bf,false,false,Sun Jul 30 2023 16:42:01 GMT+0000 (Coordinated Universal Time),Tue Aug 22 2023 12:23:49 GMT+0000 (Coordinated Universal Time),Tue Aug 22 2023 12:24:22 GMT+0000 (Coordinated Universal Time),Lieder die uns Vertrauen und Kraft schenken k√∂nnen," Gemeinsam singen wir zum Klang der keltischen Harfe Lieder aus verschiedenen Kulturkreisen: Mantras, Chants der indigenen V√∂lker, Kraftlieder aus Afrika, aus dem Sanskrit. Das Herz √∂ffnende und dynamische Lieder f√ºr K√∂rper, Geist und Seele.",Mitsingkonzert,https://uploads-ssl.webflow.com/64c691158034e6797171baf4/64d9157e773328af92b0d3d3_Waldbr%C3%B6l%202015%20Kopie.jpg,http://lehmkuppelhaus.de,Sat Nov 04 2023 17:00:00 GMT+0000 (Coordinated Universal Time),"S√ºdstra√üe 6, 51570 Windeck-Halscheid",false,Wertsch√§tzender Beitrag 15 ‚Ç¨,false
Harfenklang & die 4 Elemente in der Salzgrotte ,salzgrotte-september-2023,64c69117dac3830605582fd8,64cfe2d3605ac2e2a5bb160e,false,false,Sun Aug 06 2023 18:13:39 GMT+0000 (Coordinated Universal Time),Sun Sep 10 2023 17:08:01 GMT+0000 (Coordinated Universal Time),Sun Sep 10 2023 17:08:07 GMT+0000 (Coordinated Universal Time),"Feuer, Wasser, Luft und Erde in Klang, Texten und Harfenmusik","Lassen Sie Ihre Seele baumeln und genie√üen Sie den Abend in der wohltuenden Atmosph√§re der Salzgrotte N√ºmbrecht, mit dem Klang der Harfe & die 4 Elemente. ",Harfenmusik in der Salzgotte,https://uploads-ssl.webflow.com/64c691158034e6797171baf4/64d9111f330eef177d692a45_20151113_181533.jpg,,Fri Sep 08 2023 17:00:00 GMT+0000 (Coordinated Universal Time),"Lindchenweg 3, 51588 N√ºmbrecht",false,30 EUR pro Person,true
Harfenklang & die 4 Elemente in der Salzgrotte ,harfenklang-im-dezember,64c69117dac3830605582fd8,64fdf02975814d6c0892fe5c,false,false,Sun Sep 10 2023 16:34:49 GMT+0000 (Coordinated Universal Time),Sun Sep 10 2023 17:06:28 GMT+0000 (Coordinated Universal Time),Sun Sep 10 2023 17:06:28 GMT+0000 (Coordinated Universal Time),"Feuer, Wasser, Luft und Erde in Klang, Texten und Harfenmusik","Lass deine Seele baumeln und genie√üe den Abend in der wohltuenden Atmosph√§re der Salzgrotte N√ºmbrecht, mit dem Klang der Harfe & die 4 Elemente. ",Harfenmusik in der Salzgotte,https://uploads-ssl.webflow.com/64c691158034e6797171baf4/64d9111f330eef177d692a45_20151113_181533.jpg,,Fri Dec 15 2023 18:00:00 GMT+0000 (Coordinated Universal Time),"Lindchenweg 3, 51588 N√ºmbrecht",false,30 EUR pro Person,true
Thai Yoga Massage trifft Harfenkl√§nge,thai-yoga-massage-trifft-harfenklange,64c69117dac3830605582fd8,650ff7650e34d40182a6db49,false,false,Sun Sep 24 2023 08:46:29 GMT+0000 (Coordinated Universal Time),Sun Sep 24 2023 10:01:45 GMT+0000 (Coordinated Universal Time),Wed Dec 27 2023 12:43:34 GMT+0000 (Coordinated Universal Time),"Bei der Thai Yoga Massage tauchen wir ein in die ""Kunst der heilsamen Ber√ºhrungen"", begleitet mit zauberhaften Harfenkl√§ngen.","Die Thai Yoga Massage erinnert an passives Yoga mit vielen Dehn-, Lockerungs- und Aktivierungs√ºbungen. Wir bringen dort Energie rein, wo Energie und Spannung fehlt und lassen Anspannungen da heraus flie√üen, wo ein √úberschuss herrscht. Die zarten Harfenkl√§nge runden das Erlebnis des Tages harmonisch ab.","Workshop ""Thai Yoga Massage mit Harfenkl√§ngen"" mit Norin Goerke und Lorena Wolfewicz",https://uploads-ssl.webflow.com/64c691158034e6797171baf4/651006a95cb236f1652971a9_IMG_0896.jpeg,https://www.yogamitnorin.com/kurse-workshops,Sun Oct 29 2023 10:00:00 GMT+0000 (Coordinated Universal Time),Naturheilpraxis Solbach Morsbach,false,87 EURO pro Person,false
Wohnzimmerkonzert bei den Rinks,wohnzimmerkonzert-bei-den-rinks,64c69117dac3830605582fd8,653faf35b7a9362ee9498c3a,false,false,Mon Oct 30 2023 13:27:17 GMT+0000 (Coordinated Universal Time),Mon Oct 30 2023 13:27:17 GMT+0000 (Coordinated Universal Time),Mon Oct 30 2023 13:27:17 GMT+0000 (Coordinated Universal Time),"Konzert mit zwei Gitarren, Harfe, Gesang, Lyrik und Gedichten","Das Musikerehepaar Friedemann und Ute Rink laden ein in ihr Wohnzimmer in Bergneustadt. Unter dem Titel ""Novembermelodie"" gibt es einen bunten Mix aus Harfenmusik instrumental und mit Gesang (Lorena Wolfewicz), Lyrik und Gedichte (Rita Winter) und die Gastgeber mit Gitarren und Gesang. Die Pl√§tze sind begrenzt, vorherige Anmeldung erforderlich. ",Novembermelodie,https://uploads-ssl.webflow.com/64c691158034e6797171baf4/653faafcee2ef62b60a9d1bf_Wohnzimmerkonzert%20mit%20Rinks.jpg,http://ute@die-rinks.de,Fri Nov 10 2023 18:00:00 GMT+0000 (Coordinated Universal Time),"51702 Bergneustadt, Im Geesth√∂lzchen 9a",false,Spende erbeten,false
"M√§rchen, Geschichten und Harfenklang",marchen-geschichten-und-harfenklang,64c69117dac3830605582fd8,65426066fc2b823a13ccff7b,false,false,Wed Nov 01 2023 14:27:50 GMT+0000 (Coordinated Universal Time),Wed Nov 01 2023 14:27:50 GMT+0000 (Coordinated Universal Time),Wed Nov 01 2023 14:27:50 GMT+0000 (Coordinated Universal Time),Ein m√§rchenhafter Abend in der ev. Kirche in Gummersbach-H√ºlsenbusch,"Unter dem Titel ""Dies Bildnis ist bezaubernd sch√∂n!"" erz√§hlen Roswita Harms und Gerd Langer, von Bild und Abbild in M√§rchen und Geschichten. Musikalisch begleitet von Lorena Wolfewicz an der irischen Harfe.",Dies Bildnis ist bezaubernd sch√∂n,https://uploads-ssl.webflow.com/64c691158034e6797171baf4/65425c16dd18832933848eb1_fantasy-4378018_1280.jpg,,Sat Apr 20 2024 16:00:00 GMT+0000 (Coordinated Universal Time),"51647 Gummersbach, Otto-Geb√ºhr-Platz 2",false,Spende erbeten,false
Die Rauhn√§chte am 28.12.,die-rauhnachte,64c69117dac3830605582fd8,654f6096b3cee4ac9270d506,false,false,Sat Nov 11 2023 11:08:06 GMT+0000 (Coordinated Universal Time),Sat Nov 11 2023 11:21:01 GMT+0000 (Coordinated Universal Time),Sat Nov 11 2023 11:21:01 GMT+0000 (Coordinated Universal Time),Rituale ¬∑ Stille ¬∑ Meditation ¬∑ Gespr√§che,"Die dunkelste Zeit des Jahres kannst Du f√ºr dich nutzen, sie als Quelle der Inspiration erleben. Gibt es im alten Jahr noch etwas zu verabschieden? Welche W√ºnsche und Ziele willst du im neuen Jahr verwirklichen? Mit Ritualen, Stille, Meditation und Gespr√§chen tauchen wir ein, in den Zauber der Rauhn√§chte.",Entdecke die Mystik der Rauhn√§chte,https://uploads-ssl.webflow.com/64c691158034e6797171baf4/654f5f9d410d24517c035533_Baumbild%20%20auf%20%20A6%20Karte%20tree-3163891_1920.jpg,http://info@lorena-wolfewicz.de,Thu Dec 28 2023 14:00:00 GMT+0000 (Coordinated Universal Time),"51674 Wiehl, Gassenhagen 14",false,40 EURO,true
Die Rauhn√§chte am 3.1.,die-rauhnachte-2,64c69117dac3830605582fd8,654f6344d4d99d100a475fc7,false,false,Sat Nov 11 2023 11:19:32 GMT+0000 (Coordinated Universal Time),Sat Nov 11 2023 11:21:18 GMT+0000 (Coordinated Universal Time),Sat Nov 11 2023 11:21:18 GMT+0000 (Coordinated Universal Time),Rituale ¬∑ Stille ¬∑ Meditation ¬∑ Gespr√§che,"Die dunkelste Zeit des Jahres kannst Du f√ºr dich nutzen, sie als Quelle der Inspiration erleben. Gibt es im alten Jahr noch etwas zu verabschieden? Welche W√ºnsche und Ziele willst du im neuen Jahr verwirklichen? Mit Ritualen, Stille, Meditation und Gespr√§chen tauchen wir ein, in den Zauber der Rauhn√§chte.",Entdecke die Mystik der Rauhn√§chte,https://uploads-ssl.webflow.com/64c691158034e6797171baf4/654f5f9d410d24517c035533_Baumbild%20%20auf%20%20A6%20Karte%20tree-3163891_1920.jpg,http://info@lorena-wolfewicz.de,Wed Jan 03 2024 14:00:00 GMT+0000 (Coordinated Universal Time),"51674 Wiehl, Gassenhagen 14",false,40 EURO,true
Harfenklang & die 4 Elemente in der Salzgrotte,harfenklang-die-4-elemente-in-der-salzgrotte,64c69117dac3830605582fd8,65647220915c1e514c3298e4,false,true,Mon Nov 27 2023 10:40:32 GMT+0000 (Coordinated Universal Time),Sat Feb 17 2024 05:12:17 GMT+0000 (Coordinated Universal Time),,"Feuer, Wasser, Luft und Erde in Klang, Texten und Harfenmusik","Lass deine Seele baumeln und genie√üe den Abend in der wohltuenden Atmosph√§re der Salzgrotte N√ºmbrecht, mit dem Klang der Harfe & die 4 Elemente.",Harfenmusik in der Salzgotte,https://uploads-ssl.webflow.com/64c691158034e6797171baf4/64d9111f330eef177d692a45_20151113_181533.jpg,,Fri Mar 15 2024 18:00:00 GMT+0000 (Coordinated Universal Time),"Lindchenweg 3, 51588 N√ºmbrecht",false,30 Euro,false
Sing-Sonntag am 16. M√§rz,sing-sonntag,64c69117dac3830605582fd8,6575966aafc68ca24254361c,false,true,Sun Dec 10 2023 10:43:54 GMT+0000 (Coordinated Universal Time),Mon Mar 03 2025 13:30:51 GMT+0000 (Coordinated Universal Time),,Herzenslieder & Seelengesang mit Harfenklang,Wir singen gemeinsam meditative Lieder die Vertrauen und Kraft schenken k√∂nnen. Begleitet mit dem sanften Klang der Harfe. Von 15 bis 18 Uhr. Bitte um vorherige Anmeldung.,Herzenslieder & Seelengesang mit Harfenklang,https://cdn.prod.website-files.com/64c691158034e6797171baf4/657595ffb4fcdd6b4cd06d03_IMG-20200819-WA0004.jpg,,Sun Mar 16 2025 14:00:00 GMT+0000 (Coordinated Universal Time),"Waldorfschule, 51645 Gummersbach-V., Kirchhellstr. 32",false,25 EURO,false
Singen und Stille,singen-und-stille,64c69117dac3830605582fd8,6593ea82728df25134cac53a,false,false,Tue Jan 02 2024 10:50:42 GMT+0000 (Coordinated Universal Time),Sun Jul 13 2025 11:06:54 GMT+0000 (Coordinated Universal Time),Sun Jul 13 2025 11:06:54 GMT+0000 (Coordinated Universal Time),Workshop Stimmig sein,"Die Stimme ist ein bedeutsames Instrument, das als ""Spiegel der Pers√∂nlichkeit"" bezeichnet wird. Dabei kann das Singen in diesen herausfordernden Zeiten beruhigend wirken und Vertrauen und Kraft schenken. An diesem Nachmittag k√∂nnen Sie in meditativer Atmosph√§re gemeinsam t√∂nen, summen und singen und verschiedene T√∂ne ausprobieren und werden dabei von sanftem Harfenklang begleitet. Von 14 bis 18 Uhr. Nur mit Voranmeldung √ºber die VHS Gummersbach.",Singen und Stille,https://cdn.prod.website-files.com/64c691158034e6797171baf4/6593e9eaa4c010961a8ed0c5_IMG_3876.JPG,https://www.vhs-gm.de/suche/kursdetails.html/A/course/P/95/I/571-C-3308294/singen-und-stille,Sat Nov 08 2025 13:00:00 GMT+0000 (Coordinated Universal Time),"51645 Gummersbach, Kapellenstr. 23",false,29 Euro,false
Herzenslieder singen,herzenslieder-singen,64c69117dac3830605582fd8,6593ef0ae457563b28d2d6a1,false,true,Tue Jan 02 2024 11:10:02 GMT+0000 (Coordinated Universal Time),Mon Mar 04 2024 04:16:27 GMT+0000 (Coordinated Universal Time),,Singen zum Klang der Harfe 5 Mal Montagsabends,"Hier singen Sie Lieder aus verschiedenen Kulturkreisen, Mantras, Chants der indigenen V√∂lker, Lieder aus Taize, Kraftlieder aus Afrika, aus dem Sanskrit, Lieder f√ºr K√∂rper, Geist und Seele. Die Melodien sind eing√§ngig und leicht zu erlernen, Texte werden von der Dozentin zur Verf√ºgung gestellt. Es sind meditative, herz√∂ffnende und dynamische Lieder, die mit der keltischen Harfe begleitet werden. Das Singen, Summen und T√∂nen entspannt und tr√§gt so wesentlich zum Wohlbefinden bei. Es sind keine Singerfahrungen vorausgesetzt, mitmachen k√∂nnen alle, die Freude am Singen haben.
5 Mal Montags. Nur mit Anmeldung, √ºber die VHS.",Herzenslieder singen,https://uploads-ssl.webflow.com/64c691158034e6797171baf4/6593e9eaa4c010961a8ed0c5_IMG_3876.JPG,https://www.vhs-gm.de/suche/kursdetails.html/A/course/P/95/I/571-C-3202928/herzenslieder-singen,Mon Apr 08 2024 17:30:00 GMT+0000 (Coordinated Universal Time),"51645 Gummersbach, Kapellenstr. 23",false,48 Euro,false
Herbstferienkurs im Harfenhaus  ,sommerferien-im-harfenhaus-tischharfenkurs-fur-kinder,64c69117dac3830605582fd8,65994f967f9d66653342dd41,false,false,Sat Jan 06 2024 13:03:18 GMT+0000 (Coordinated Universal Time),Mon Aug 25 2025 14:24:00 GMT+0000 (Coordinated Universal Time),Mon Aug 25 2025 14:24:00 GMT+0000 (Coordinated Universal Time),Tischharfenkurs f√ºr Kinder,"""Kinderleicht"" ist das Spielen von Liedern auf den Feenharfen und Drachenharfen (Tischharfen) und macht gro√üe Freude.
In einer kleinen Gruppe werden die Kinder viele sch√∂ne Lieder lernen und gemeinsam spielen und das ganz ohne Notenkenntnisse. Ihre Kinder werden begeistert sein! Von 11.30 bis 13.00 Uhr.",Tischharfenkurs f√ºr Kinder,https://cdn.prod.website-files.com/64c691158034e6797171baf4/659ad726728703ff73520a8d_20220622_125054%20-%20Kopie%20von%2054%20kleiner%20gemacht.jpg,,Thu Oct 23 2025 09:30:00 GMT+0000 (Coordinated Universal Time),"51674 Wiehl, Gassenhagen 14",false,20 Euro,false
Vollmondkr√§uterwanderung mit Harfenklang,vollmondwanderung-mit-harfenklang,64c69117dac3830605582fd8,65b3b56494e83a7d00639325,false,false,Fri Jan 26 2024 13:36:36 GMT+0000 (Coordinated Universal Time),Tue Nov 05 2024 08:03:36 GMT+0000 (Coordinated Universal Time),Tue Nov 05 2024 08:03:36 GMT+0000 (Coordinated Universal Time),Mit Astrid Saubert (Kr√§utercafe Waldbr√∂l) und Lorena Wolfewicz (Harfe),"Es wird mystisch. Begleiten Sie uns auf einer Wanderung √ºber die Oberbergischen Wiesen bei Mondenschein. Wir lauschen den Kl√§ngen einer Harfe, h√∂ren Gedichte und tauchen ein in die Natur einer Vollmondnacht. Dabei erfahren wir, wie wir Kr√§uter und andere Heilpflanzen sammeln im Einklang mit Sonne und Mond. Nur mit vorheriger Anmeldung.",Vollmondwanderung mit Harfenklang,https://cdn.prod.website-files.com/64c691158034e6797171baf4/65b3b55d804121e888c7f0e5_1a.jpg,https://www.kraeutercafe.com/,Mon May 12 2025 17:30:00 GMT+0000 (Coordinated Universal Time),"51545 Waldbr√∂l, Geilenkausenerstr. 12",false,36 Euro,false
Mit Hochsensibilit√§t als Pers√∂nlichkeit wachsen,mit-hochsensibilitat-als-personlichkeit-wachsen,64c69117dac3830605582fd8,65c8efe41f5cbcbd6b76dc4c,false,true,Sun Feb 11 2024 16:03:48 GMT+0000 (Coordinated Universal Time),Tue Oct 15 2024 13:06:14 GMT+0000 (Coordinated Universal Time),,"Offene Gruppe f√ºr feinf√ºhlige, hochsensible Menschen","Erlebst du deine Empathief√§higkeit, deine Kreativit√§t, deine vielschichtige Wahrnehmung als wertvolle hilfreiche Eigenschaften? Oder empfindest du sie eher als Kraftanstrengung, die das Leben im Alltag beeintr√§chtigen? Ich biete eine offene Gruppe zum regelm√§√üigen Austausch, alle 2 Monate. Das dann folgende Treffen ist im Februar 2025, das genaue Datum wird noch bekannt gegeben.",Im Einklang mit der eigenen Hochsensibilit√§t,https://cdn.prod.website-files.com/64c691158034e6797171baf4/65c8ef06d3c375f683698169_Inserat_Flyer%20hellblau.jpg,,Wed Dec 11 2024 18:30:00 GMT+0000 (Coordinated Universal Time),"51674 Wiehl, Gassenhagen 14",false,15 Euro,false
Mit Hochsensibilit√§t als Pers√∂nlichkeit wachsen,mit-hochsensibilitat-als-personlichkeit-wachsen-2,64c69117dac3830605582fd8,66004cc98d81f44bf5ae2a1a,false,false,Sun Mar 24 2024 15:54:49 GMT+0000 (Coordinated Universal Time),Fri Aug 15 2025 06:53:27 GMT+0000 (Coordinated Universal Time),Fri Aug 15 2025 06:53:27 GMT+0000 (Coordinated Universal Time),"Offene Gruppe f√ºr feinf√ºhlige, hochsensible Menschen","Erlebst du deine Empathief√§higkeit, deine Kreativit√§t, deine vielschichtige Wahrnehmung als wertvolle hilfreiche Eigenschaften? Oder empfindest du sie eher als Herausforderung, die das Leben im Alltag beeintr√§chtigen? Ich biete eine offene Gruppe mit regelm√§√üigen Treffen, alle 2 Monate. Der N√ÑCHSTE TERMIN IST AM MONTAG, den 13. Oktober und das darauf folgende Treffen ist im Dezember, der Termin wird noch bekannt gegeben. Sei dabei und erlebe, wie kraftvoll der Austausch in einer unterst√ºtzenden Gemeinschaft sein kann.",Im Einklang mit der eigenen Hochsensibilit√§t,https://cdn.prod.website-files.com/64c691158034e6797171baf4/65c8ef06d3c375f683698169_Inserat_Flyer%20hellblau.jpg,,Mon Oct 13 2025 17:30:00 GMT+0000 (Coordinated Universal Time),"51674 Wiehl, Gassenhagen 14",false,15 Euro,false
Winterferienkurs im Harfenhaus,winterferien-im-harfenhaus,64c69117dac3830605582fd8,662644352178ed55dee9689d,false,false,Mon Apr 22 2024 11:04:21 GMT+0000 (Coordinated Universal Time),Sat Oct 26 2024 03:26:05 GMT+0000 (Coordinated Universal Time),Sat Oct 26 2024 03:26:05 GMT+0000 (Coordinated Universal Time),Tischharfenkurs f√ºr Kinder,"""Kinderleicht"" ist das Spielen von Liedern auf den Feenharfen und Drachenharfen (Tischharfen) und macht gro√üe Freude. In einer kleinen Gruppe werden die Kinder viele sch√∂ne Lieder lernen und gemeinsam spielen und das ganz ohne Notenkenntnisse. Ihre Kinder werden begeistert sein! Von 15.30 Uhr bis 17 Uhr.",Tischharfenkurs f√ºr Kinder,https://cdn.prod.website-files.com/64c691158034e6797171baf4/671b6e2ed4bbe74969636957_Design%20ohne%20Titel%20(3).png,,Thu Jan 02 2025 14:30:00 GMT+0000 (Coordinated Universal Time),"51674 Wiehl, Gassenhagen 14",false,20 Euro,false
Wort und Musik zur Marktzeit,wort-und-musik-zur-marktzeit,64c69117dac3830605582fd8,6672919857386c8d5f51e7fc,false,false,Wed Jun 19 2024 08:06:48 GMT+0000 (Coordinated Universal Time),Wed Jun 19 2024 08:10:24 GMT+0000 (Coordinated Universal Time),Tue Jul 23 2024 07:15:48 GMT+0000 (Coordinated Universal Time),Harfenklang zu Lesung in der ev. Kirche in H√ºlsenbusch,"
Wort und Musik zur Marktzeit, n√§here Informationen: https://ev-kirche-huelsenbusch-kotthausen.de/informationen-zu-gottesdienstformaten/wort-musik-zur-marktzeit/
",Harfenklang zu Lesung in der ev. Kirche in H√ºlsenbusch,https://uploads-ssl.webflow.com/64c691158034e6797171baf4/6672921ae95fa44736e5efe3_IMG_3887.JPG,https://ev-kirche-huelsenbusch-kotthausen.de/informationen-zu-gottesdienstformaten/wort-musik-zur-marktzeit/,Tue Jul 02 2024 09:30:00 GMT+0000 (Coordinated Universal Time),"51647 Gummersbach, Otto-Geb√ºhr-Platz 2",false,,false
Singen und Stille,singen-und-stille-2,64c69117dac3830605582fd8,667ee396c3cabdf79de47749,false,false,Fri Jun 28 2024 16:23:50 GMT+0000 (Coordinated Universal Time),Sun Jul 13 2025 11:05:24 GMT+0000 (Coordinated Universal Time),Sun Jul 13 2025 11:05:24 GMT+0000 (Coordinated Universal Time),Workshop Stimmig sein,"Die Stimme ist ein bedeutsames Instrument, das als ""Spiegel der Pers√∂nlichkeit"" bezeichnet wird. Dabei kann das Singen in diesen herausfordernden Zeiten beruhigend wirken und Vertrauen und Kraft schenken. An diesem Abend k√∂nnen Sie in meditativer Atmosph√§re gemeinsam t√∂nen, summen und singen und verschiedene T√∂ne ausprobieren und werden dabei von sanftem Harfenklang begleitet. Von 18 bis 21 Uhr. Nur mit Voranmeldung √ºber die VHS Gummersbach. ",Singen und Stille,https://cdn.prod.website-files.com/64c691158034e6797171baf4/667ee2e67d644f1d9c113333_IMG_3876.JPG,https://www.vhs-gm.de/programm/kulturkreativitaet.html/kurs/571-C-3308271/t/singen-und-stille,Fri Sep 19 2025 16:00:00 GMT+0000 (Coordinated Universal Time),"51645 Gummersbach, Kapellenstr. 23",false,22 Euro,false
"Lesung und Harfenmusik im Rahmen von ""N√ºmbrecht im Lesefieber""",lesung-und-harfenmusik-im-rahmen-des-numbrecht-im-lesefieber,64c69117dac3830605582fd8,667ee814e30ec809ac0d98ce,false,false,Fri Jun 28 2024 16:43:00 GMT+0000 (Coordinated Universal Time),Tue Sep 03 2024 07:34:00 GMT+0000 (Coordinated Universal Time),Tue Sep 03 2024 07:34:15 GMT+0000 (Coordinated Universal Time),Mit Thomas Zieler (Lesung) und Lorena Wolfewicz (Harfe und Gesang),"Thomas Zieler: Texte und Lorena Wolfewicz: Harfe und Gesang. N√ÑHERE INFORMATIONEN zum Programm und zum Eintrittsbeitrag FOLGEN, SOBALD DIESE FESTSTEHEN. ",,https://cdn.prod.website-files.com/64c691158034e6797171baf4/667ee7da0b4c2779859c95a9_1.jpg,,Sun Oct 06 2024 16:00:00 GMT+0000 (Coordinated Universal Time),"51588 N√ºmbrecht, Schloss Homburg, Burgk√ºche",false,Bitte erfragen.,false
Harfenklang & die 4 Elemente,harfenklang-und-die-vier-elemente,64c69117dac3830605582fd8,66852ebb7750795bd2a3b233,false,false,Wed Jul 03 2024 10:58:03 GMT+0000 (Coordinated Universal Time),Wed Jul 03 2024 11:15:45 GMT+0000 (Coordinated Universal Time),Wed Jul 03 2024 11:15:45 GMT+0000 (Coordinated Universal Time)," Feuer, Wasser, Luft und Erde durch Klang, Texte und Harfenmusik zum Leben erweckt.","Erlebe eine einzigartige Veranstaltung, bei der die Elemente ‚Äì Feuer, Wasser, Luft und Erde ‚Äì durch die magischen Kl√§nge der Harfe und begleitende Texte lebendig werden. Die Veranstaltung findet in einem besonderen Ambiente statt, in der Lehmkuppel im verwunschenen Garten der Familie Kagermann.",Harfenklang & die 4 Elemente,https://uploads-ssl.webflow.com/64c691158034e6797171baf4/64d9157e773328af92b0d3d3_Waldbr%C3%B6l%202015%20Kopie.jpg,https://www.kagermann.com/Willkommen.html,Fri Aug 02 2024 15:00:00 GMT+0000 (Coordinated Universal Time),"57635 Forstmehren, Kuhweg 38",false,Spende erbeten,false
Harfenklang in Eckenhagen,harfenklang-in-eckenhagen,64c69117dac3830605582fd8,66a276762aa7ef3c6243cb45,false,false,Thu Jul 25 2024 15:59:50 GMT+0000 (Coordinated Universal Time),Thu Jul 25 2024 16:05:12 GMT+0000 (Coordinated Universal Time),Tue Sep 03 2024 07:34:15 GMT+0000 (Coordinated Universal Time),Sommerlich-zauberhafte Harfenmusik mit Gesang,"Wir lauschen den Kl√§ngen einer Harfe, h√∂ren Gedichte und genie√üen die Stimmung im Kurpark und die Natur eines Sommernachmittags.",Harfe und Gesang in Eckenhagen,https://uploads-ssl.webflow.com/64c691158034e6797171baf4/657595ffb4fcdd6b4cd06d03_IMG-20200819-WA0004.jpg,,Sun Aug 11 2024 13:00:00 GMT+0000 (Coordinated Universal Time),"51580 Reichshof-Eckenhagen, Kurpark Eckenhagen - Musikmuschel",true,,false
Sing-Sonntag am 16. M√§rz,sing-sonntag-am-16-marz,64c69117dac3830605582fd8,67c5b051db004eabe517318a,false,false,Mon Mar 03 2025 13:36:17 GMT+0000 (Coordinated Universal Time),Mon Mar 03 2025 13:39:19 GMT+0000 (Coordinated Universal Time),Mon Mar 03 2025 13:39:19 GMT+0000 (Coordinated Universal Time),Herzenslieder & Seelengesang mit Harfenklang,"Wir singen gemeinsam meditative Lieder, die Vertrauen und Kraft schenken k√∂nnen. Nur mit vorheriger Anmeldung.",Herzenslieder & Seelengesang mit Harfenklang,https://cdn.prod.website-files.com/64c691158034e6797171baf4/67c5afbfe76f6311f2de79c9_250316%20Si-So%20mit%20Canva%20als%20jpg.jpg,,Sun Mar 16 2025 14:00:00 GMT+0000 (Coordinated Universal Time),"Waldorfschule, 51645 Gummersbach, Kirchhellstr. 32",false,25 Euro,false
Meditativer Tanz,meditativer-tanz,64c69117dac3830605582fd8,682c775ee33f7d3ba6536278,false,false,Tue May 20 2025 12:36:46 GMT+0000 (Coordinated Universal Time),Tue Aug 12 2025 04:02:28 GMT+0000 (Coordinated Universal Time),Tue Aug 12 2025 04:02:28 GMT+0000 (Coordinated Universal Time),"Einfache Kreist√§nze ‚Äì Inspiration, Achtsamkeit und Gemeinschaft erleben","Wir tanzen einfache Kreist√§nze und lassen uns von Musik sowie thematischen Impulsen, wie den Jahreszeiten oder wichtigen Lebensthemen, inspirieren. Dadurch bringen wir K√∂rper, Geist und Seele in harmonischen Einklang und erm√∂glichen es, sowohl tiefgehende individuelle Erfahrungen als auch das wertvolle Miteinander in der Gruppe bewusst zu erleben und zu st√§rken. ","Komm, tanz mit uns!",https://cdn.prod.website-files.com/64c691158034e6797171baf4/682c774b6782f54e2a131d3b_Herzen%20an%20F%C3%A4den.png,https://www.vhs-oberberg.de/gesundheit/kw/bereich/kursdetails/kurs/B2511660/kursname/Meditativer%20Tanz/kategorie-id/4/,Fri Oct 31 2025 17:00:00 GMT+0000 (Coordinated Universal Time),"51674 Wiehl, Burgstra√üe 7, Burghaus Bielstein",false,"19,20 Euro",false
Herbstferienkurs im Harfenhaus,sommerferienkurs-im-harfenhaus,64c69117dac3830605582fd8,686537b7303af1982ec09987,false,false,Wed Jul 02 2025 13:44:23 GMT+0000 (Coordinated Universal Time),Mon Aug 25 2025 14:22:02 GMT+0000 (Coordinated Universal Time),Mon Aug 25 2025 14:22:02 GMT+0000 (Coordinated Universal Time),Tischharfenkurs f√ºr Kinder,"""Kinderleicht"" ist das Spielen von Liedern auf den Feenharfen und Drachenharfen (Tischharfen) und macht gro√üe Freude. In einer kleinen Gruppe werden die Kinder viele sch√∂ne Lieder lernen und gemeinsam spielen und das ganz ohne Notenkenntnisse. Ihre Kinder werden begeistert sein! Von 16.00 bis 17.30 Uhr.",Tischharfenkurs f√ºr Kinder,https://cdn.prod.website-files.com/64c691158034e6797171baf4/66c05c713d7e3b604edfd83c_20220622_125054%20-%20Kopie%20von%2054%20kleiner%20gemacht.jpg,,Wed Oct 15 2025 14:00:00 GMT+0000 (Coordinated Universal Time),"51674 Wiehl, Gassenhagen 14",false,20 Euro,false
Feine Kl√§nge zum shoppen und staunen! ,feine-klange-zum-stobern-und-staunen,64c69117dac3830605582fd8,68ac775bceaa4cf5833a5f57,false,false,Mon Aug 25 2025 14:46:51 GMT+0000 (Coordinated Universal Time),Mon Aug 25 2025 15:19:46 GMT+0000 (Coordinated Universal Time),Mon Aug 25 2025 15:19:46 GMT+0000 (Coordinated Universal Time),Am verkaufsoffenen Sonntag am 7.9. wird die Weiherpassage auf besondere Weise verzaubert,"Am verkaufsoffenen Sonntag wird die Weiherpassage auf besondere Weise verzaubert! Harfenmusik mit Lorena Wolfewicz ab 14:30 Uhr und ab 16:00 Uhr sorgt f√ºr eine entspannte, stimmungsvolle Atmosh√§reüéµ. Auge und Ohr, W√§sche Impressionen und Studio1 Mode freuen sich auf besondere Augenblicke mit Lorena Wolfewicz und Euch üß°
",Feine Kl√§nge zum shoppen und staunen! ,https://cdn.prod.website-files.com/64c691158034e6797171baf4/68ac7628a897e29fa16dd636_pexels-george-dolgikh-551816-1666067.jpg,,Sun Sep 07 2025 12:30:00 GMT+0000 (Coordinated Universal Time),Weiherpassage Wiehl,false,,false
